<application>
  <component name="JavaFxSettings">
    <option name="pathToSceneBuilder" value="C:/Program Files (x86)/Oracle/JavaFX Scene Builder 2.0/JavaFX Scene Builder 2.0.exe" />
    <option name="myPathToSceneBuilder" value="C:/Program Files (x86)/Oracle/JavaFX Scene Builder 2.0/JavaFX Scene Builder 2.0.exe" />
  </component>
  <component name="PropertiesComponent">
    <property name="CommitChangeListDialog.DETAILS_SPLITTER_PROPORTION_2" value="0.7259887" />
    <property name="CommitChangeListDialog.SPLITTER_PROPORTION_2" value="0.75785583" />
    <property name="Copy.OpenInEditor" value="true" />
    <property name="ExpandBeforeRunStepsPanel" value="true" />
    <property name="ExpandRunDashboardTypesPanel" value="false" />
    <property name="FileTemplates.SelectedTemplate" value="HTML File" />
    <property name="KEYMAP" value="new" />
    <property name="MavenModuleWizard.inheritGroupId" value="true" />
    <property name="MavenModuleWizard.inheritVersion" value="true" />
    <property name="MemberChooser.copyJavadoc" value="false" />
    <property name="MemberChooser.showClasses" value="true" />
    <property name="SettingsSearchHistory" value="welcome sc&#10;ееееееееееееееееееееееееееееееееееееееееееееееееееееееееееееееееееееееееееффффффффффффффффффке&#10;key" />
    <property name="TrendingPluginsSearchHistory" value="scala&#10;sbt" />
    <property name="build.toolwindow.Sync.selection.state" value="com.intellij.build.BuildTreeConsoleView" />
    <property name="com.intellij.openapi.roots.ui.configuration.TabbedModuleEditor.selectedEditor" value="Sources" />
    <property name="com.intellij.remoteServer.impl.runtime.ui.ServersToolWindowContent:com.intellij.remoteServer.impl.runtime.ui.DefaultRemoteServersViewContribution.0" value="165" />
    <property name="create.project.preferred.importer" value="Existing Sources" />
    <property name="defaultJdkConfigured" value="true" />
    <property name="dir.diff.panel.divider.location" value="189" />
    <property name="evlsprt3.183" value="13" />
    <property name="export.settings.path" value="D:\settings.zip" />
    <property name="file.chooser.recent.files" value="E:/&#10;D:/Projects/HelloScala&#10;D:/Projects/BookManager&#10;D:/Projects/BookManager/pom.xml&#10;C:/Program Files/Apache Software Foundation/Tomcat 9.0&#10;C:/Program Files/Apache Software Foundation/Tomcat 9.0/bin&#10;D:/Projects/javafx&#10;D:/Projects/javafx-course-master&#10;D:/Projects/MyCheese/libs&#10;D:/Projects/MyCheese/src&#10;D:/Projects/Lessons&#10;D:/Projects&#10;C:/Program Files (x86)/Oracle/JavaFX Scene Builder 2.0/JavaFX Scene Builder 2.0.exe&#10;D:/Projects/SMPFas&#10;C:/Users/EnjEl/Desktop/GS1 Analyzer Demo_v1.0.1_apkpure.com.apk&#10;D:/Projects/AutoScalesA9&#10;D:/Projects/MyCheese/libs/resources&#10;D:/Projects/MyCheese/libs/windows&#10;D:/Projects/MyCheese/libs/windows/jSSC-2.8_x86_64.dll&#10;D:/Projects/MyCheese" />
    <property name="file.gist.reindex.count" value="531" />
    <property name="fileTypeChangedCounter" value="1" />
    <property name="installed.kotlin.plugin.version" value="1.3.11-release-IJ2018.3-1" />
    <property name="jdk.selected.JAVA_MODULE" value="1.8" />
    <property name="last.imported.location" value="D:/Projects/BookManager" />
    <property name="lastTip" value="1" />
    <property name="project.wizard.group" value="Scala" />
    <property name="project.wizard.template" value="sbt" />
    <property name="scala.last.updated" value="1570685574839" />
    <property name="selected.color.option.type" value="JAVA_KEYWORD" />
    <property name="ts.lib.d.ts.version" value="3.2.1" />
  </component>
</application>